{
    "name": "root",
    "metadata": {
        "timer_format_version": "0.1.0",
        "start_time_seconds": "1679446792",
        "python_version": "3.7.16 (default, Jan 17 2023, 16:06:28) [MSC v.1916 64 bit (AMD64)]",
        "command_line_arguments": "C:\\Users\\xi liu\\AppData\\Roaming\\Python\\Python37\\Scripts\\mlagents-learn config/water.yaml --run-id=0 --resume",
        "mlagents_version": "0.29.0",
        "mlagents_envs_version": "0.29.0",
        "communication_protocol_version": "1.5.0",
        "pytorch_version": "1.7.1+cu110",
        "numpy_version": "1.21.2",
        "end_time_seconds": "1679446887"
    },
    "total": 95.0990095,
    "count": 1,
    "self": 0.008088699999987625,
    "children": {
        "run_training.setup": {
            "total": 0.10598069999999993,
            "count": 1,
            "self": 0.10598069999999993
        },
        "TrainerController.start_learning": {
            "total": 94.9849401,
            "count": 1,
            "self": 0.006372200000015482,
            "children": {
                "TrainerController._reset_env": {
                    "total": 10.6743283,
                    "count": 1,
                    "self": 10.6743283
                },
                "TrainerController.advance": {
                    "total": 84.21961919999998,
                    "count": 259,
                    "self": 0.006387699999990559,
                    "children": {
                        "env_step": {
                            "total": 83.6837535,
                            "count": 259,
                            "self": 82.84761439999996,
                            "children": {
                                "SubprocessEnvManager._take_step": {
                                    "total": 0.8319594999999964,
                                    "count": 259,
                                    "self": 0.021551000000020082,
                                    "children": {
                                        "TorchPolicy.evaluate": {
                                            "total": 0.8104084999999763,
                                            "count": 259,
                                            "self": 0.2027240999999762,
                                            "children": {
                                                "TorchPolicy.sample_actions": {
                                                    "total": 0.6076844000000001,
                                                    "count": 259,
                                                    "self": 0.6076844000000001
                                                }
                                            }
                                        }
                                    }
                                },
                                "workers": {
                                    "total": 0.004179600000037809,
                                    "count": 258,
                                    "self": 0.0,
                                    "children": {
                                        "worker_root": {
                                            "total": 24.09005949999999,
                                            "count": 258,
                                            "is_parallel": true,
                                            "self": 3.3326718000000035,
                                            "children": {
                                                "steps_from_proto": {
                                                    "total": 0.00045410000000067896,
                                                    "count": 1,
                                                    "is_parallel": true,
                                                    "self": 0.0001954000000008449,
                                                    "children": {
                                                        "_process_rank_one_or_two_observation": {
                                                            "total": 0.00025869999999983406,
                                                            "count": 2,
                                                            "is_parallel": true,
                                                            "self": 0.00025869999999983406
                                                        }
                                                    }
                                                },
                                                "UnityEnvironment.step": {
                                                    "total": 20.75693359999999,
                                                    "count": 258,
                                                    "is_parallel": true,
                                                    "self": 0.027489199999951808,
                                                    "children": {
                                                        "UnityEnvironment._generate_step_input": {
                                                            "total": 0.022198300000040305,
                                                            "count": 258,
                                                            "is_parallel": true,
                                                            "self": 0.022198300000040305
                                                        },
                                                        "communicator.exchange": {
                                                            "total": 20.642730800000013,
                                                            "count": 258,
                                                            "is_parallel": true,
                                                            "self": 20.642730800000013
                                                        },
                                                        "steps_from_proto": {
                                                            "total": 0.06451529999998584,
                                                            "count": 258,
                                                            "is_parallel": true,
                                                            "self": 0.03221969999997576,
                                                            "children": {
                                                                "_process_rank_one_or_two_observation": {
                                                                    "total": 0.03229560000001008,
                                                                    "count": 516,
                                                                    "is_parallel": true,
                                                                    "self": 0.03229560000001008
                                                                }
                                                            }
                                                        }
                                                    }
                                                }
                                            }
                                        }
                                    }
                                }
                            }
                        },
                        "trainer_advance": {
                            "total": 0.5294779999999957,
                            "count": 258,
                            "self": 0.00779129999998851,
                            "children": {
                                "process_trajectory": {
                                    "total": 0.021780300000006747,
                                    "count": 258,
                                    "self": 0.021780300000006747
                                },
                                "_update_policy": {
                                    "total": 0.4999064000000004,