{
    "name": "root",
    "metadata": {
        "timer_format_version": "0.1.0",
        "start_time_seconds": "1684972327",
        "python_version": "3.7.16 (default, Jan 17 2023, 16:06:28) [MSC v.1916 64 bit (AMD64)]",
        "command_line_arguments": "C:\\Users\\xi liu\\AppData\\Roaming\\Python\\Python37\\Scripts\\mlagents-learn config/water.yaml --run-id=0 --resume",
        "mlagents_version": "0.29.0",
        "mlagents_envs_version": "0.29.0",
        "communication_protocol_version": "1.5.0",
        "pytorch_version": "1.7.1+cu110",
        "numpy_version": "1.21.2",
        "end_time_seconds": "1684972427"
    },
    "total": 100.0031411,
    "count": 1,
    "self": 0.008358199999989324,
    "children": {
        "run_training.setup": {
            "total": 0.13886390000000004,
            "count": 1,
            "self": 0.13886390000000004
        },
        "TrainerController.start_learning": {
            "total": 99.855919,
            "count": 1,
            "self": 0.0005940999999864971,
            "children": {
                "TrainerController._reset_env": {
                    "total": 11.9488329,
                    "count": 1,
                    "self": 11.9488329
                },
                "TrainerController.advance": {
                    "total": 87.82170110000001,
                    "count": 15,
                    "self": 0.00038740000000814234,
                    "children": {
                        "env_step": {
                            "total": 87.82086939999999,
                            "count": 15,
                            "self": 87.51656799999999,
                            "children": {
                                "SubprocessEnvManager._take_step": {
                                    "total": 0.3041131999999944,
                                    "count": 15,
                                    "self": 0.0013078999999915908,
                                    "children": {
                                        "TorchPolicy.evaluate": {
                                            "total": 0.30280530000000283,
                                            "count": 15,
                                            "self": 0.010404000000002966,
                                            "children": {
                                                "TorchPolicy.sample_actions": {
                                                    "total": 0.29240129999999986,
                                                    "count": 15,
                                                    "self": 0.29240129999999986
                                                }
                                            }
                                        }
                                    }
                                },
                                "workers": {
                                    "total": 0.00018820000000197012,
                                    "count": 14,
                                    "self": 0.0,
                                    "children": {
                                        "worker_root": {
                                            "total": 26.99209190000001,
                                            "count": 14,
                                            "is_parallel": true,
                                            "self": 3.588979800000015,
                                            "children": {
                                                "steps_from_proto": {
                                                    "total": 0.0004262999999991024,
                                                    "count": 1,
                                                    "is_parallel": true,
                                                    "self": 0.00021719999999980644,
                                                    "children": {
                                                        "_process_rank_one_or_two_observation": {
                                                            "total": 0.00020909999999929596,
                                                            "count": 2,
                                                            "is_parallel": true,
                                                            "self": 0.00020909999999929596
                                                        }
                                                    }
                                                },
                                                "UnityEnvironment.step": {
                                                    "total": 23.402685799999997,
                                                    "count": 14,
                                                    "is_parallel": true,
                                                    "self": 0.0014229999999919585,
                                                    "children": {
                                                        "UnityEnvironment._generate_step_input": {
                                                            "total": 0.0011686000000032948,
                                                            "count": 14,
                                                            "is_parallel": true,
                                                            "self": 0.0011686000000032948
                                                        },
                                                        "communicator.exchange": {
                                                            "total": 23.396651400000003,
                                                            "count": 14,
                                                            "is_parallel": true,
                                                            "self": 23.396651400000003
                                                        },
                                                        "steps_from_proto": {
                                                            "total": 0.003442799999998414,
                                                            "count": 14,
                                                            "is_parallel": true,
                                                            "self": 0.001706599999982572,
                                                            "children": {
                                                                "_process_rank_one_or_two_observation": {
                                                                    "total": 0.0017362000000158417,
                                                                    "count": 28,
                                                                    "is_parallel": true,
                                                                    "self": 0.0017362000000158417
                                                                }
                                                            }
                                                        }
                                                    }
                                                }
                                            }
                                        }
                                    }
                                }
                            }
                        },
                        "trainer_advance": {
                            "total": 0.00044430000000694747,
                            "count": 14,
                            "self": 0.0003062999999965399,
                            "children": {
                                "process_trajectory": {
                                    "total": 0.00013800000001040758,
                                    "count": 14,
                                    "self": 0.00013800000001040758
                                }
                            }
                        }
                    }
                },