{
    "name": "root",
    "metadata": {
        "timer_format_version": "0.1.0",
        "start_time_seconds": "1684891970",
        "python_version": "3.7.16 (default, Jan 17 2023, 16:06:28) [MSC v.1916 64 bit (AMD64)]",
        "command_line_arguments": "C:\\Users\\xi liu\\AppData\\Roaming\\Python\\Python37\\Scripts\\mlagents-learn config/water.yaml --run-id=0 --resume",
        "mlagents_version": "0.29.0",
        "mlagents_envs_version": "0.29.0",
        "communication_protocol_version": "1.5.0",
        "pytorch_version": "1.7.1+cu110",
        "numpy_version": "1.21.2",
        "end_time_seconds": "1684892112"
    },
    "total": 142.2115474,
    "count": 1,
    "self": 0.008150799999981473,
    "children": {
        "run_training.setup": {
            "total": 0.12516799999999995,
            "count": 1,
            "self": 0.12516799999999995
        },
        "TrainerController.start_learning": {
            "total": 142.07822860000002,
            "count": 1,
            "self": 0.0006977999999833173,
            "children": {
                "TrainerController._reset_env": {
                    "total": 16.5916626,
                    "count": 1,
                    "self": 16.5916626
                },
                "TrainerController.advance": {
                    "total": 125.40277610000004,
                    "count": 21,
                    "self": 0.0005161000000413196,
                    "children": {
                        "env_step": {
                            "total": 125.36062150000001,
                            "count": 21,
                            "self": 124.9468545,
                            "children": {
                                "SubprocessEnvManager._take_step": {
                                    "total": 0.4134729999999962,
                                    "count": 21,
                                    "self": 0.0015652000000194732,
                                    "children": {
                                        "TorchPolicy.evaluate": {
                                            "total": 0.41190779999997673,
                                            "count": 16,
                                            "self": 0.07690119999998046,
                                            "children": {
                                                "TorchPolicy.sample_actions": {
                                                    "total": 0.33500659999999627,
                                                    "count": 16,
                                                    "self": 0.33500659999999627
                                                }
                                            }
                                        }
                                    }
                                },
                                "workers": {
                                    "total": 0.00029400000001089666,
                                    "count": 20,
                                    "self": 0.0,
                                    "children": {
                                        "worker_root": {
                                            "total": 62.6093945,
                                            "count": 20,
                                            "is_parallel": true,
                                            "self": 3.500452800000005,
                                            "children": {
                                                "steps_from_proto": {
                                                    "total": 0.000320500000000834,
                                                    "count": 1,
                                                    "is_parallel": true,
                                                    "self": 0.00012919999999994047,
                                                    "children": {
                                                        "_process_rank_one_or_two_observation": {
                                                            "total": 0.00019130000000089353,
                                                            "count": 2,
                                                            "is_parallel": true,
                                                            "self": 0.00019130000000089353
                                                        }
                                                    }
                                                },
                                                "UnityEnvironment.step": {
                                                    "total": 59.108621199999995,
                                                    "count": 20,
                                                    "is_parallel": true,
                                                    "self": 0.0020741999999671634,
                                                    "children": {
                                                        "UnityEnvironment._generate_step_input": {
                                                            "total": 0.0015223999999989246,
                                                            "count": 20,
                                                            "is_parallel": true,
                                                            "self": 0.0015223999999989246
                                                        },
                                                        "communicator.exchange": {
                                                            "total": 59.1002292,
                                                            "count": 20,
                                                            "is_parallel": true,
                                                            "self": 59.1002292
                                                        },
                                                        "steps_from_proto": {
                                                            "total": 0.004795400000027428,
                                                            "count": 20,
                                                            "is_parallel": true,
                                                            "self": 0.002340500000030943,
                                                            "children": {
                                                                "_process_rank_one_or_two_observation": {
                                                                    "total": 0.002454899999996485,
                                                                    "count": 40,
                                                                    "is_parallel": true,
                                                                    "self": 0.002454899999996485
                                                                }
                                                            }
                                                        }
                                                    }
                                                }
                                            }
                                        }
                                    }
                                }
                            }
                        },
                        "trainer_advance": {
                            "total": 0.041638499999990586,
                            "count": 20,
                            "self": 0.0006031999999791537,
                            "children": {
                                "process_trajectory": {
                                    "total": 0.04103530000001143,
                                    "count": 20,
                                    "self": 0.04103530000001143
                                }
                            }
                        }
                    }
                },