{
    "name": "root",
    "metadata": {
        "timer_format_version": "0.1.0",
        "start_time_seconds": "1684975500",
        "python_version": "3.7.16 (default, Jan 17 2023, 16:06:28) [MSC v.1916 64 bit (AMD64)]",
        "command_line_arguments": "C:\\Users\\xi liu\\AppData\\Roaming\\Python\\Python37\\Scripts\\mlagents-learn config/water.yaml --run-id=0 --resume",
        "mlagents_version": "0.29.0",
        "mlagents_envs_version": "0.29.0",
        "communication_protocol_version": "1.5.0",
        "pytorch_version": "1.7.1+cu110",
        "numpy_version": "1.21.2",
        "end_time_seconds": "1684975609"
    },
    "total": 109.8107344,
    "count": 1,
    "self": 0.0065127999999958774,
    "children": {
        "run_training.setup": {
            "total": 0.13177379999999994,
            "count": 1,
            "self": 0.13177379999999994
        },
        "TrainerController.start_learning": {
            "total": 109.6724478,
            "count": 1,
            "self": 0.0008717000000046937,
            "children": {
                "TrainerController._reset_env": {
                    "total": 7.542585600000001,
                    "count": 1,
                    "self": 7.542585600000001
                },
                "TrainerController.advance": {
                    "total": 102.04252059999999,
                    "count": 29,
                    "self": 0.0006893000000047778,
                    "children": {
                        "env_step": {
                            "total": 102.0250741,
                            "count": 29,
                            "self": 101.7084333,
                            "children": {
                                "SubprocessEnvManager._take_step": {
                                    "total": 0.31625930000000757,
                                    "count": 29,
                                    "self": 0.0018786000000083902,
                                    "children": {
                                        "TorchPolicy.evaluate": {
                                            "total": 0.3143806999999992,
                                            "count": 22,
                                            "self": 0.015279799999989407,
                                            "children": {
                                                "TorchPolicy.sample_actions": {
                                                    "total": 0.2991009000000098,
                                                    "count": 22,
                                                    "self": 0.2991009000000098
                                                }
                                            }
                                        }
                                    }
                                },
                                "workers": {
                                    "total": 0.0003814999999907087,
                                    "count": 28,
                                    "self": 0.0,
                                    "children": {
                                        "worker_root": {
                                            "total": 41.056618499999985,
                                            "count": 28,
                                            "is_parallel": true,
                                            "self": 3.4513863999999828,
                                            "children": {
                                                "steps_from_proto": {
                                                    "total": 0.0003117999999995291,
                                                    "count": 1,
                                                    "is_parallel": true,
                                                    "self": 0.00012939999999961316,
                                                    "children": {
                                                        "_process_rank_one_or_two_observation": {
                                                            "total": 0.00018239999999991596,
                                                            "count": 2,
                                                            "is_parallel": true,
                                                            "self": 0.00018239999999991596
                                                        }
                                                    }
                                                },
                                                "UnityEnvironment.step": {
                                                    "total": 37.6049203,
                                                    "count": 28,
                                                    "is_parallel": true,
                                                    "self": 0.0030376000000345016,
                                                    "children": {
                                                        "UnityEnvironment._generate_step_input": {
                                                            "total": 0.002094099999981225,
                                                            "count": 28,
                                                            "is_parallel": true,
                                                            "self": 0.002094099999981225
                                                        },
                                                        "communicator.exchange": {
                                                            "total": 37.59298259999999,
                                                            "count": 28,
                                                            "is_parallel": true,
                                                            "self": 37.59298259999999
                                                        },
                                                        "steps_from_proto": {
                                                            "total": 0.006805999999996537,
                                                            "count": 28,
                                                            "is_parallel": true,
                                                            "self": 0.003399600000004277,
                                                            "children": {
                                                                "_process_rank_one_or_two_observation": {
                                                                    "total": 0.00340639999999226,
                                                                    "count": 56,
                                                                    "is_parallel": true,
                                                                    "self": 0.00340639999999226
                                                                }
                                                            }
                                                        }
                                                    }
                                                }
                                            }
                                        }
                                    }
                                }
                            }
                        },
                        "trainer_advance": {
                            "total": 0.01675719999998826,
                            "count": 28,
                            "self": 0.0008168999999860205,
                            "children": {
                                "process_trajectory": {
                                    "total": 0.01594030000000224,
                                    "count": 28,
                                    "self": 0.01594030000000224
                                }
                            }
                        }
                    }
                },