{
    "name": "root",
    "metadata": {
        "timer_format_version": "0.1.0",
        "start_time_seconds": "1684974776",
        "python_version": "3.7.16 (default, Jan 17 2023, 16:06:28) [MSC v.1916 64 bit (AMD64)]",
        "command_line_arguments": "C:\\Users\\xi liu\\AppData\\Roaming\\Python\\Python37\\Scripts\\mlagents-learn config/water.yaml --run-id=0 --resume",
        "mlagents_version": "0.29.0",
        "mlagents_envs_version": "0.29.0",
        "communication_protocol_version": "1.5.0",
        "pytorch_version": "1.7.1+cu110",
        "numpy_version": "1.21.2",
        "end_time_seconds": "1684974902"
    },
    "total": 126.298694,
    "count": 1,
    "self": 0.008613400000001548,
    "children": {
        "run_training.setup": {
            "total": 0.13702729999999996,
            "count": 1,
            "self": 0.13702729999999996
        },
        "TrainerController.start_learning": {
            "total": 126.1530533,
            "count": 1,
            "self": 0.001038699999995174,
            "children": {
                "TrainerController._reset_env": {
                    "total": 16.780170899999998,
                    "count": 1,
                    "self": 16.780170899999998
                },
                "TrainerController.advance": {
                    "total": 109.2916031,
                    "count": 33,
                    "self": 0.0008611000000087188,
                    "children": {
                        "env_step": {
                            "total": 108.5836419,
                            "count": 33,
                            "self": 108.25620950000001,
                            "children": {
                                "SubprocessEnvManager._take_step": {
                                    "total": 0.3269540999999876,
                                    "count": 33,
                                    "self": 0.0023942999999562176,
                                    "children": {
                                        "TorchPolicy.evaluate": {
                                            "total": 0.3245598000000314,
                                            "count": 25,
                                            "self": 0.017328300000013286,
                                            "children": {
                                                "TorchPolicy.sample_actions": {
                                                    "total": 0.3072315000000181,
                                                    "count": 25,
                                                    "self": 0.3072315000000181
                                                }
                                            }
                                        }
                                    }
                                },
                                "workers": {
                                    "total": 0.0004783000000116999,
                                    "count": 32,
                                    "self": 0.0,
                                    "children": {
                                        "worker_root": {
                                            "total": 49.09715329999999,
                                            "count": 32,
                                            "is_parallel": true,
                                            "self": 4.1939365999999865,
                                            "children": {
                                                "steps_from_proto": {
                                                    "total": 0.0006813999999994991,
                                                    "count": 1,
                                                    "is_parallel": true,
                                                    "self": 0.0002785999999979083,
                                                    "children": {
                                                        "_process_rank_one_or_two_observation": {
                                                            "total": 0.0004028000000015908,
                                                            "count": 2,
                                                            "is_parallel": true,
                                                            "self": 0.0004028000000015908
                                                        }
                                                    }
                                                },
                                                "UnityEnvironment.step": {
                                                    "total": 44.902535300000004,
                                                    "count": 32,
                                                    "is_parallel": true,
                                                    "self": 0.004831699999982675,
                                                    "children": {
                                                        "UnityEnvironment._generate_step_input": {
                                                            "total": 0.005749400000027549,
                                                            "count": 32,
                                                            "is_parallel": true,
                                                            "self": 0.005749400000027549
                                                        },
                                                        "communicator.exchange": {
                                                            "total": 44.8821984,
                                                            "count": 32,
                                                            "is_parallel": true,
                                                            "self": 44.8821984
                                                        },
                                                        "steps_from_proto": {
                                                            "total": 0.009755799999993542,
                                                            "count": 32,
                                                            "is_parallel": true,
                                                            "self": 0.0043026999999646875,
                                                            "children": {
                                                                "_process_rank_one_or_two_observation": {
                                                                    "total": 0.005453100000028854,
                                                                    "count": 64,
                                                                    "is_parallel": true,
                                                                    "self": 0.005453100000028854
                                                                }
                                                            }
                                                        }
                                                    }
                                                }
                                            }
                                        }
                                    }
                                }
                            }
                        },
                        "trainer_advance": {
                            "total": 0.7071000999999981,
                            "count": 32,
                            "self": 0.0009801000000173588,
                            "children": {
                                "process_trajectory": {
                                    "total": 0.16276769999998564,
                                    "count": 32,
                                    "self": 0.16276769999998564
                                },
                                "_update_policy": {
                                    "total": 0.5433522999999951,