{
    "name": "root",
    "metadata": {
        "timer_format_version": "0.1.0",
        "start_time_seconds": "1684973063",
        "python_version": "3.7.16 (default, Jan 17 2023, 16:06:28) [MSC v.1916 64 bit (AMD64)]",
        "command_line_arguments": "C:\\Users\\xi liu\\AppData\\Roaming\\Python\\Python37\\Scripts\\mlagents-learn config/water.yaml --run-id=0 --resume",
        "mlagents_version": "0.29.0",
        "mlagents_envs_version": "0.29.0",
        "communication_protocol_version": "1.5.0",
        "pytorch_version": "1.7.1+cu110",
        "numpy_version": "1.21.2",
        "end_time_seconds": "1684973219"
    },
    "total": 156.31900420000002,
    "count": 1,
    "self": 0.007951200000036351,
    "children": {
        "run_training.setup": {
            "total": 0.1304864000000001,
            "count": 1,
            "self": 0.1304864000000001
        },
        "TrainerController.start_learning": {
            "total": 156.1805666,
            "count": 1,
            "self": 0.002261700000019573,
            "children": {
                "TrainerController._reset_env": {
                    "total": 10.208466099999999,
                    "count": 1,
                    "self": 10.208466099999999
                },
                "TrainerController.advance": {
                    "total": 145.89304479999996,
                    "count": 72,
                    "self": 0.0017233000000942411,
                    "children": {
                        "env_step": {
                            "total": 145.8495553,
                            "count": 72,
                            "self": 145.47149710000005,
                            "children": {
                                "SubprocessEnvManager._take_step": {
                                    "total": 0.37702850000000154,
                                    "count": 73,
                                    "self": 0.004761399999981819,
                                    "children": {
                                        "TorchPolicy.evaluate": {
                                            "total": 0.3722671000000197,
                                            "count": 56,
                                            "self": 0.038658800000069604,
                                            "children": {
                                                "TorchPolicy.sample_actions": {
                                                    "total": 0.3336082999999501,
                                                    "count": 56,
                                                    "self": 0.3336082999999501
                                                }
                                            }
                                        }
                                    }
                                },
                                "workers": {
                                    "total": 0.001029699999929079,
                                    "count": 71,
                                    "self": 0.0,
                                    "children": {
                                        "worker_root": {
                                            "total": 101.14548840000002,
                                            "count": 71,
                                            "is_parallel": true,
                                            "self": 3.6982815000000357,
                                            "children": {
                                                "steps_from_proto": {
                                                    "total": 0.0008335999999973254,
                                                    "count": 2,
                                                    "is_parallel": true,
                                                    "self": 0.00035839999999343064,
                                                    "children": {
                                                        "_process_rank_one_or_two_observation": {
                                                            "total": 0.00047520000000389473,
                                                            "count": 4,
                                                            "is_parallel": true,
                                                            "self": 0.00047520000000389473
                                                        }
                                                    }
                                                },
                                                "UnityEnvironment.step": {
                                                    "total": 97.44637329999999,
                                                    "count": 71,
                                                    "is_parallel": true,
                                                    "self": 0.0074864999998851545,
                                                    "children": {
                                                        "UnityEnvironment._generate_step_input": {
                                                            "total": 0.005203000000028268,
                                                            "count": 71,
                                                            "is_parallel": true,
                                                            "self": 0.005203000000028268
                                                        },
                                                        "communicator.exchange": {
                                                            "total": 97.41680870000003,
                                                            "count": 71,
                                                            "is_parallel": true,
                                                            "self": 97.41680870000003
                                                        },
                                                        "steps_from_proto": {
                                                            "total": 0.016875100000046217,
                                                            "count": 71,
                                                            "is_parallel": true,
                                                            "self": 0.008335900000048468,
                                                            "children": {
                                                                "_process_rank_one_or_two_observation": {
                                                                    "total": 0.008539199999997749,
                                                                    "count": 142,
                                                                    "is_parallel": true,
                                                                    "self": 0.008539199999997749
                                                                }
                                                            }
                                                        }
                                                    }
                                                }
                                            }
                                        }
                                    }
                                }
                            }
                        },
                        "trainer_advance": {
                            "total": 0.041766199999871745,
                            "count": 71,
                            "self": 0.0021153999998961837,
                            "children": {
                                "process_trajectory": {
                                    "total": 0.03965079999997556,
                                    "count": 71,
                                    "self": 0.03965079999997556
                                }
                            }
                        }
                    }
                },