{
    "name": "root",
    "metadata": {
        "timer_format_version": "0.1.0",
        "start_time_seconds": "1685146241",
        "python_version": "3.7.16 (default, Jan 17 2023, 16:06:28) [MSC v.1916 64 bit (AMD64)]",
        "command_line_arguments": "C:\\Users\\xi liu\\AppData\\Roaming\\Python\\Python37\\Scripts\\mlagents-learn config/water.yaml --run-id=0 --resume",
        "mlagents_version": "0.29.0",
        "mlagents_envs_version": "0.29.0",
        "communication_protocol_version": "1.5.0",
        "pytorch_version": "1.7.1+cu110",
        "numpy_version": "1.21.2",
        "end_time_seconds": "1685146478"
    },
    "total": 236.8199598,
    "count": 1,
    "self": 0.007456199999978708,
    "children": {
        "run_training.setup": {
            "total": 0.1514027,
            "count": 1,
            "self": 0.1514027
        },
        "TrainerController.start_learning": {
            "total": 236.6611009,
            "count": 1,
            "self": 0.0443248999996797,
            "children": {
                "TrainerController._reset_env": {
                    "total": 9.9113936,
                    "count": 1,
                    "self": 9.9113936
                },
                "TrainerController.advance": {
                    "total": 226.6263860000003,
                    "count": 1530,
                    "self": 0.04184020000070632,
                    "children": {
                        "env_step": {
                            "total": 223.00546389999974,
                            "count": 1530,
                            "self": 220.44164129999984,
                            "children": {
                                "SubprocessEnvManager._take_step": {
                                    "total": 2.5380605000000447,
                                    "count": 1530,
                                    "self": 0.10407859999916447,
                                    "children": {
                                        "TorchPolicy.evaluate": {
                                            "total": 2.43398190000088,
                                            "count": 1148,
                                            "self": 0.8563202000012229,
                                            "children": {
                                                "TorchPolicy.sample_actions": {
                                                    "total": 1.5776616999996573,
                                                    "count": 1148,
                                                    "self": 1.5776616999996573
                                                }
                                            }
                                        }
                                    }
                                },
                                "workers": {
                                    "total": 0.02576209999985224,
                                    "count": 1529,
                                    "self": 0.0,
                                    "children": {
                                        "worker_root": {
                                            "total": 215.806709800001,
                                            "count": 1529,
                                            "is_parallel": true,
                                            "self": 11.123949800000759,
                                            "children": {
                                                "steps_from_proto": {
                                                    "total": 0.00034419999999979467,
                                                    "count": 1,
                                                    "is_parallel": true,
                                                    "self": 0.0001382000000003103,
                                                    "children": {
                                                        "_process_rank_one_or_two_observation": {
                                                            "total": 0.00020599999999948437,
                                                            "count": 2,
                                                            "is_parallel": true,
                                                            "self": 0.00020599999999948437
                                                        }
                                                    }
                                                },
                                                "UnityEnvironment.step": {
                                                    "total": 204.68241580000023,
                                                    "count": 1529,
                                                    "is_parallel": true,
                                                    "self": 0.17529299999995374,
                                                    "children": {
                                                        "UnityEnvironment._generate_step_input": {
                                                            "total": 0.12126890000023494,
                                                            "count": 1529,
                                                            "is_parallel": true,
                                                            "self": 0.12126890000023494
                                                        },
                                                        "communicator.exchange": {
                                                            "total": 203.9851343999996,
                                                            "count": 1529,
                                                            "is_parallel": true,
                                                            "self": 203.9851343999996
                                                        },
                                                        "steps_from_proto": {
                                                            "total": 0.40071950000043444,
                                                            "count": 1529,
                                                            "is_parallel": true,
                                                            "self": 0.2024048000006875,
                                                            "children": {
                                                                "_process_rank_one_or_two_observation": {
                                                                    "total": 0.19831469999974694,
                                                                    "count": 3058,
                                                                    "is_parallel": true,
                                                                    "self": 0.19831469999974694
                                                                }
                                                            }
                                                        }
                                                    }
                                                }
                                            }
                                        }
                                    }
                                }
                            }
                        },
                        "trainer_advance": {
                            "total": 3.5790818999998653,
                            "count": 1529,
                            "self": 0.05094169999966702,
                            "children": {
                                "process_trajectory": {
                                    "total": 1.002190200000161,
                                    "count": 1529,
                                    "self": 1.002190200000161
                                },
                                "_update_policy": {
                                    "total": 2.525950000000037,