{
    "name": "root",
    "metadata": {
        "timer_format_version": "0.1.0",
        "start_time_seconds": "1679528995",
        "python_version": "3.7.16 (default, Jan 17 2023, 16:06:28) [MSC v.1916 64 bit (AMD64)]",
        "command_line_arguments": "C:\\Users\\xi liu\\AppData\\Roaming\\Python\\Python37\\Scripts\\mlagents-learn config/water.yaml --run-id=0 --resume",
        "mlagents_version": "0.29.0",
        "mlagents_envs_version": "0.29.0",
        "communication_protocol_version": "1.5.0",
        "pytorch_version": "1.7.1+cu110",
        "numpy_version": "1.21.2",
        "end_time_seconds": "1679529090"
    },
    "total": 95.5515641,
    "count": 1,
    "self": 0.005978299999995329,
    "children": {
        "run_training.setup": {
            "total": 0.09792750000000017,
            "count": 1,
            "self": 0.09792750000000017
        },
        "TrainerController.start_learning": {
            "total": 95.4476583,
            "count": 1,
            "self": 0.021763899999882597,
            "children": {
                "TrainerController._reset_env": {
                    "total": 9.0446118,
                    "count": 1,
                    "self": 9.0446118
                },
                "TrainerController.advance": {
                    "total": 86.31110070000013,
                    "count": 841,
                    "self": 0.019619700000234275,
                    "children": {
                        "env_step": {
                            "total": 84.14399629999998,
                            "count": 841,
                            "self": 81.77517419999995,
                            "children": {
                                "SubprocessEnvManager._take_step": {
                                    "total": 2.3558922000000955,
                                    "count": 841,
                                    "self": 0.05255040000011668,
                                    "children": {
                                        "TorchPolicy.evaluate": {
                                            "total": 2.303341799999979,
                                            "count": 631,
                                            "self": 1.3985034999999542,
                                            "children": {
                                                "TorchPolicy.sample_actions": {
                                                    "total": 0.9048383000000246,
                                                    "count": 631,
                                                    "self": 0.9048383000000246
                                                }
                                            }
                                        }
                                    }
                                },
                                "workers": {
                                    "total": 0.01292989999993388,
                                    "count": 840,
                                    "self": 0.0,
                                    "children": {
                                        "worker_root": {
                                            "total": 80.80495459999992,
                                            "count": 840,
                                            "is_parallel": true,
                                            "self": 6.819815099999843,
                                            "children": {
                                                "steps_from_proto": {
                                                    "total": 0.0003462000000000742,
                                                    "count": 1,
                                                    "is_parallel": true,
                                                    "self": 0.00013860000000054384,
                                                    "children": {
                                                        "_process_rank_one_or_two_observation": {
                                                            "total": 0.00020759999999953038,
                                                            "count": 2,
                                                            "is_parallel": true,
                                                            "self": 0.00020759999999953038
                                                        }
                                                    }
                                                },
                                                "UnityEnvironment.step": {
                                                    "total": 73.98479330000008,
                                                    "count": 840,
                                                    "is_parallel": true,
                                                    "self": 0.09002650000024914,
                                                    "children": {
                                                        "UnityEnvironment._generate_step_input": {
                                                            "total": 0.06031049999998217,
                                                            "count": 840,
                                                            "is_parallel": true,
                                                            "self": 0.06031049999998217
                                                        },
                                                        "communicator.exchange": {
                                                            "total": 73.62711529999984,
                                                            "count": 840,
                                                            "is_parallel": true,
                                                            "self": 73.62711529999984
                                                        },
                                                        "steps_from_proto": {
                                                            "total": 0.20734099999999778,
                                                            "count": 840,
                                                            "is_parallel": true,
                                                            "self": 0.1028150000002519,
                                                            "children": {
                                                                "_process_rank_one_or_two_observation": {
                                                                    "total": 0.10452599999974588,
                                                                    "count": 1680,
                                                                    "is_parallel": true,
                                                                    "self": 0.10452599999974588
                                                                }
                                                            }
                                                        }
                                                    }
                                                }
                                            }
                                        }
                                    }
                                }
                            }
                        },
                        "trainer_advance": {
                            "total": 2.1474846999999126,
                            "count": 840,
                            "self": 0.025035599999808866,
                            "children": {
                                "process_trajectory": {
                                    "total": 0.9016789000000998,
                                    "count": 840,
                                    "self": 0.9016789000000998
                                },
                                "_update_policy": {
                                    "total": 1.220770200000004,