{
    "name": "root",
    "metadata": {
        "timer_format_version": "0.1.0",
        "start_time_seconds": "1684891878",
        "python_version": "3.7.16 (default, Jan 17 2023, 16:06:28) [MSC v.1916 64 bit (AMD64)]",
        "command_line_arguments": "C:\\Users\\xi liu\\AppData\\Roaming\\Python\\Python37\\Scripts\\mlagents-learn config/rov.yaml --run-id=1 --resume",
        "mlagents_version": "0.29.0",
        "mlagents_envs_version": "0.29.0",
        "communication_protocol_version": "1.5.0",
        "pytorch_version": "1.7.1+cu110",
        "numpy_version": "1.21.2",
        "end_time_seconds": "1684891955"
    },
    "total": 77.46252340000001,
    "count": 1,
    "self": 0.005809000000013498,
    "children": {
        "run_training.setup": {
            "total": 0.12685069999999987,
            "count": 1,
            "self": 0.12685069999999987
        },
        "TrainerController.start_learning": {
            "total": 77.32986369999999,
            "count": 1,
            "self": 0.004801499999970815,
            "children": {
                "TrainerController._reset_env": {
                    "total": 12.4117075,
                    "count": 1,
                    "self": 12.4117075
                },
                "TrainerController.advance": {
                    "total": 64.8344768,
                    "count": 199,
                    "self": 0.004281799999915847,
                    "children": {
                        "env_step": {
                            "total": 64.56136210000003,
                            "count": 199,
                            "self": 63.92341400000005,
                            "children": {
                                "SubprocessEnvManager._take_step": {
                                    "total": 0.6352989999999767,
                                    "count": 199,
                                    "self": 0.014703399999964617,
                                    "children": {
                                        "TorchPolicy.evaluate": {
                                            "total": 0.6205956000000121,
                                            "count": 199,
                                            "self": 0.12320780000003673,
                                            "children": {
                                                "TorchPolicy.sample_actions": {
                                                    "total": 0.4973877999999754,
                                                    "count": 199,
                                                    "self": 0.4973877999999754
                                                }
                                            }
                                        }
                                    }
                                },
                                "workers": {
                                    "total": 0.002649099999995741,
                                    "count": 198,
                                    "self": 0.0,
                                    "children": {
                                        "worker_root": {
                                            "total": 47.547196499999956,
                                            "count": 198,
                                            "is_parallel": true,
                                            "self": 4.287205299999961,
                                            "children": {
                                                "steps_from_proto": {
                                                    "total": 0.0003447000000011968,
                                                    "count": 1,
                                                    "is_parallel": true,
                                                    "self": 0.00013590000000007763,
                                                    "children": {
                                                        "_process_rank_one_or_two_observation": {
                                                            "total": 0.0002088000000011192,
                                                            "count": 2,
                                                            "is_parallel": true,
                                                            "self": 0.0002088000000011192
                                                        }
                                                    }
                                                },
                                                "UnityEnvironment.step": {
                                                    "total": 43.259646499999995,
                                                    "count": 198,
                                                    "is_parallel": true,
                                                    "self": 0.01826519999996634,
                                                    "children": {
                                                        "UnityEnvironment._generate_step_input": {
                                                            "total": 0.01499329999995247,
                                                            "count": 198,
                                                            "is_parallel": true,
                                                            "self": 0.01499329999995247
                                                        },
                                                        "communicator.exchange": {
                                                            "total": 43.180704100000035,
                                                            "count": 198,
                                                            "is_parallel": true,
                                                            "self": 43.180704100000035
                                                        },
                                                        "steps_from_proto": {
                                                            "total": 0.045683900000042854,
                                                            "count": 198,
                                                            "is_parallel": true,
                                                            "self": 0.023130100000072318,
                                                            "children": {
                                                                "_process_rank_one_or_two_observation": {
                                                                    "total": 0.022553799999970536,
                                                                    "count": 396,
                                                                    "is_parallel": true,
                                                                    "self": 0.022553799999970536
                                                                }
                                                            }
                                                        }
                                                    }
                                                }
                                            }
                                        }
                                    }
                                }
                            }
                        },
                        "trainer_advance": {
                            "total": 0.26883290000006,
                            "count": 198,
                            "self": 0.0057191000000820225,
                            "children": {
                                "process_trajectory": {
                                    "total": 0.018389899999981196,
                                    "count": 198,
                                    "self": 0.018389899999981196
                                },