{
    "name": "root",
    "metadata": {
        "timer_format_version": "0.1.0",
        "start_time_seconds": "1684969617",
        "python_version": "3.7.16 (default, Jan 17 2023, 16:06:28) [MSC v.1916 64 bit (AMD64)]",
        "command_line_arguments": "C:\\Users\\xi liu\\AppData\\Roaming\\Python\\Python37\\Scripts\\mlagents-learn config/water.yaml --run-id=2",
        "mlagents_version": "0.29.0",
        "mlagents_envs_version": "0.29.0",
        "communication_protocol_version": "1.5.0",
        "pytorch_version": "1.7.1+cu110",
        "numpy_version": "1.21.2",
        "end_time_seconds": "1684969724"
    },
    "total": 107.0095997,
    "count": 1,
    "self": 0.008809200000001738,
    "children": {
        "run_training.setup": {
            "total": 0.12380460000000015,
            "count": 1,
            "self": 0.12380460000000015
        },
        "TrainerController.start_learning": {
            "total": 106.8769859,
            "count": 1,
            "self": 0.0006512999999870317,
            "children": {
                "TrainerController._reset_env": {
                    "total": 15.4960126,
                    "count": 1,
                    "self": 15.4960126
                },
                "TrainerController.advance": {
                    "total": 91.2294516,
                    "count": 9,
                    "self": 0.00021910000002378638,
                    "children": {
                        "env_step": {
                            "total": 91.22050619999999,
                            "count": 9,
                            "self": 90.90475359999999,
                            "children": {
                                "SubprocessEnvManager._take_step": {
                                    "total": 0.31563889999999617,
                                    "count": 9,
                                    "self": 0.0008078999999909797,
                                    "children": {
                                        "TorchPolicy.evaluate": {
                                            "total": 0.3148310000000052,
                                            "count": 8,
                                            "self": 0.032376300000009905,
                                            "children": {
                                                "TorchPolicy.sample_actions": {
                                                    "total": 0.2824546999999953,
                                                    "count": 8,
                                                    "self": 0.2824546999999953
                                                }
                                            }
                                        }
                                    }
                                },
                                "workers": {
                                    "total": 0.00011369999999288893,
                                    "count": 8,
                                    "self": 0.0,
                                    "children": {
                                        "worker_root": {
                                            "total": 22.5728883,
                                            "count": 8,
                                            "is_parallel": true,
                                            "self": 3.15992739999999,
                                            "children": {
                                                "steps_from_proto": {
                                                    "total": 0.00031509999999990157,
                                                    "count": 1,
                                                    "is_parallel": true,
                                                    "self": 0.00012989999999923896,
                                                    "children": {
                                                        "_process_rank_one_or_two_observation": {
                                                            "total": 0.0001852000000006626,
                                                            "count": 2,
                                                            "is_parallel": true,
                                                            "self": 0.0001852000000006626
                                                        }
                                                    }
                                                },
                                                "UnityEnvironment.step": {
                                                    "total": 19.412645800000007,
                                                    "count": 8,
                                                    "is_parallel": true,
                                                    "self": 0.000878800000013058,
                                                    "children": {
                                                        "UnityEnvironment._generate_step_input": {
                                                            "total": 0.0006575000000008657,
                                                            "count": 8,
                                                            "is_parallel": true,
                                                            "self": 0.0006575000000008657
                                                        },
                                                        "communicator.exchange": {
                                                            "total": 19.409094200000002,
                                                            "count": 8,
                                                            "is_parallel": true,
                                                            "self": 19.409094200000002
                                                        },
                                                        "steps_from_proto": {
                                                            "total": 0.0020152999999929477,
                                                            "count": 8,
                                                            "is_parallel": true,
                                                            "self": 0.00100959999999084,
                                                            "children": {
                                                                "_process_rank_one_or_two_observation": {
                                                                    "total": 0.0010057000000021077,
                                                                    "count": 16,
                                                                    "is_parallel": true,
                                                                    "self": 0.0010057000000021077
                                                                }
                                                            }
                                                        }
                                                    }
                                                }
                                            }
                                        }
                                    }
                                }
                            }
                        },
                        "trainer_advance": {
                            "total": 0.008726299999992193,
                            "count": 8,
                            "self": 0.00022229999999012762,
                            "children": {
                                "process_trajectory": {
                                    "total": 0.008504000000002065,
                                    "count": 8,
                                    "self": 0.008504000000002065
                                }
                            }
                        }
                    }
                },