{"count":1,"self":11.198419999999999,"total":11.2169458,"children":{"InitializeActuators":{"count":2,"self":0.0020020999999999997,"total":0.0020020999999999997,"children":null},"InitializeSensors":{"count":2,"self":0.00099859999999999988,"total":0.00099859999999999988,"children":null},"AgentSendState":{"count":205,"self":0.0055029,"total":0.0075016,"children":{"CollectObservations":{"count":21,"self":0.0010000999999999999,"total":0.0010000999999999999,"children":null},"WriteActionMask":{"count":21,"self":0,"total":0,"children":null},"RequestDecision":{"count":21,"self":0.00099859999999999988,"total":0.00099859999999999988,"children":null}}},"DecideAction":{"count":205,"self":0.0040117999999999994,"total":0.0040117999999999994,"children":null},"AgentAct":{"count":205,"self":0.0030139999999999998,"total":0.0030139999999999998,"children":null}},"gauges":{},"metadata":{"timer_format_version":"0.1.0","start_time_seconds":"1680036433","unity_version":"2021.3.11f1","command_line_arguments":"C:\/Program Files\/Unity 2021.3.11f1\/Editor\/Unity.exe -projectpath C:\\Users\\xi liu\\Desktop\\0\\water -useHub -hubIPC -cloudEnvironment production -licensingIpc LicenseClient-xi liu -hubSessionId b4f0ffa0-cd89-11ed-ba52-73f943ab4cf8 -accessToken n4yfdZFXJqy3e28ubCG8INuwFhRbHEPpxsGFrDCuGSg002f","communication_protocol_version":"1.5.0","com.unity.ml-agents_version":"2.0.1","scene_name":"Main","end_time_seconds":"1680036444"}}