{"count":1,"self":23.8349664,"total":23.8585827,"children":{"InitializeActuators":{"count":2,"self":0.00093949999999999991,"total":0.00093949999999999991,"children":null},"InitializeSensors":{"count":2,"self":0.00099779999999999986,"total":0.00099779999999999986,"children":null},"AgentSendState":{"count":841,"self":0.0010739,"total":0.0055785,"children":{"CollectObservations":{"count":85,"self":0.0024998999999999998,"total":0.0024998999999999998,"children":null},"WriteActionMask":{"count":85,"self":0.0010000999999999999,"total":0.0010000999999999999,"children":null},"RequestDecision":{"count":85,"self":0.0010046,"total":0.0010046,"children":null}}},"DecideAction":{"count":841,"self":0.0105915,"total":0.0105915,"children":null},"AgentAct":{"count":841,"self":0.0055092,"total":0.0055092,"children":null}},"gauges":{},"metadata":{"timer_format_version":"0.1.0","start_time_seconds":"1680199884","unity_version":"2021.3.11f1","command_line_arguments":"C:\\Program Files\\Unity\\Hub\\Editor\\2021.3.11f1\\Editor\\Unity.exe -projectpath C:\\Users\\xi133\\Desktop\\book\\water -useHub -hubIPC -cloudEnvironment production -licensingIpc LicenseClient-xi133 -hubSessionId 55023fb0-cefa-11ed-a9a6-152118f11c2d","communication_protocol_version":"1.5.0","com.unity.ml-agents_version":"2.0.1","scene_name":"Main","end_time_seconds":"1680199908"}}