{"cameraMode":{"drawMode":0,"name":"Shaded","section":"Shading Mode"},"sceneLighting":true,"audioPlay":false,"sceneViewState":{"showFog":true,"showMaterialUpdate":false,"showSkybox":true,"showFlares":true,"showImageEffects":true,"showParticleSystems":true},"in2DMode":false,"pivot":{"x":356.75213623046877,"y":58.9761962890625,"z":-272.951416015625},"rotation":{"x":-0.0021153672132641079,"y":0.9945781826972961,"z":-0.10211008787155152,"w":-0.02059027925133705},"size":253.1037139892578,"orthographic":false}