{"cameraMode":{"drawMode":0,"name":"Shaded","section":"Shading Mode"},"sceneLighting":true,"audioPlay":false,"sceneViewState":{"showFog":true,"showMaterialUpdate":false,"showSkybox":true,"showFlares":true,"showImageEffects":true,"showParticleSystems":true},"in2DMode":false,"pivot":{"x":298.7968444824219,"y":154.30975341796876,"z":132.30337524414063},"rotation":{"x":-0.0074803875759243969,"y":0.9596664309501648,"z":-0.2799178957939148,"w":-0.02562572807073593},"size":119.96097564697266,"orthographic":false}