{"cameraMode":{"drawMode":0,"name":"Shaded","section":"Shading Mode"},"sceneLighting":true,"audioPlay":false,"sceneViewState":{"showFog":true,"showMaterialUpdate":false,"showSkybox":true,"showFlares":true,"showImageEffects":true,"showParticleSystems":true},"in2DMode":false,"pivot":{"x":339.4835205078125,"y":-43.38530731201172,"z":-202.55313110351563},"rotation":{"x":-0.018058983609080316,"y":0.9809505343437195,"z":-0.1573295146226883,"w":-0.11431088298559189},"size":100.99211120605469,"orthographic":false}