{"cameraMode":{"drawMode":0,"name":"Shaded","section":"Shading Mode"},"sceneLighting":true,"audioPlay":false,"sceneViewState":{"showFog":true,"showMaterialUpdate":false,"showSkybox":true,"showFlares":true,"showImageEffects":true,"showParticleSystems":true},"in2DMode":false,"pivot":{"x":354.12335205078127,"y":-278.27935791015627,"z":-92.83321380615235},"rotation":{"x":-0.1496528536081314,"y":0.45373567938804629,"z":-0.07791916280984879,"w":-0.8752462863922119},"size":96.61021423339844,"orthographic":false}