{"cameraMode":{"drawMode":0,"name":"Shaded","section":"Shading Mode"},"sceneLighting":true,"audioPlay":false,"sceneViewState":{"showFog":true,"showMaterialUpdate":false,"showSkybox":true,"showFlares":true,"showImageEffects":true,"showParticleSystems":true},"in2DMode":false,"pivot":{"x":521.8302001953125,"y":25.533430099487306,"z":-28.9525146484375},"rotation":{"x":0.0031684422865509989,"y":0.993747889995575,"z":-0.10774438083171845,"w":0.029222337529063226},"size":79.21382141113281,"orthographic":false}